cc_per_min,cs_per_min,deaths_per_min,dmg_per_min,dmg_taken_per_min,final_score,gold_per_min,kda,kp,score_cc_per_min,score_cs_per_min,score_deaths_per_min,score_dmg_per_min,score_dmg_taken_per_min,score_gold_per_min,score_kda,score_kp,score_vision_per_min,score_xp_per_min,team_id,vision_per_min,xp_per_min,created_at,id,match_id,match_participant_id,updated_at,champion_name,puuid
9.72919302071974,5.659760087241003,0.29443838604143946,944.6237731733916,1375.8778625954199,48.00667980075998,421.07960741548527,1.5555555555555556,0.56,59.42109254104576,76.16279069767441,20.000000000000014,42.194937960096766,95.84980237154151,53.48240077030064,5.293775450843514,72.4137931034483,4.761904761904762,74.40097799511005,100,0.4580152671755725,560.381679389313,,1,1,1,,Volibear,ckA1_xR4vI42c6jsIOyxQmQgryvMUF0Oz6ftSPtPxBd6h1Xc-oJY1FLg3Gznir904eyK-KsrD9sbvg
13.776837513631408,4.154852780806979,0.3598691384950927,432.1701199563795,1380.0,39.46982092825468,365.0054525627045,1.4545454545454546,0.64,88.83070391667005,49.41860465116278,0.0,1.448898369013866,96.37961483474898,35.144966299347395,4.712041884816754,93.10344827586208,6.666666666666668,19.462102689486542,100,0.5234460196292258,413.3587786259542,,2,1,2,,LeeSin,fXVHYfb7EQZCcscdVUQ2pimnwZWUCbcdZ_6d2P7ItA-lJZst2lvkQzVCRJLoHCwtiVkel6Dc_sfBqw
10.666324972737186,3.6314067611777534,0.16357688113413305,413.94765539803706,965.856052344602,30.605249893367805,312.4318429661941,2.4,0.48,66.23016052238113,40.11627906976744,60.0,0.0,43.15028172567488,17.952284155343964,10.157068062827225,51.72413793103448,1.904761904761906,4.229828850855731,100,0.3598691384950927,372.59541984732823,,3,1,3,,Braum,C-wmPkxrDFHqRraWSfvX5xcy_Ld1_ob0959GCUP0jB0f4Fibuhvvt2fqsSwQXZ291MSNhHlMzYciUA
4.407088331515813,1.668484187568157,0.3598691384950927,611.0577971646674,815.2998909487459,9.716921970757625,257.53544165757904,0.6363636363636364,0.28,20.751433957151242,5.232558139534883,0.0,15.672554171110473,23.79951223614498,0.0,0.0,0.0,29.523809523809526,0.0,100,1.3086150490730644,361.27589967284626,,4,1,5,,Velkoz,Hh4jcp8pmKe-UPwVUmhvyaLJsXgZJEt_ZQ999lRplEP8F0cXLPXVruARPm82arJr_J2TmF5ThSJ12g
7.645008944543829,6.118067978533095,0.28622540250447226,498.5330948121646,1352.8443649373883,39.30026850751249,430.41144901610016,1.125,0.391304347826087,25.949703552205083,75.74257425742576,22.22222222222223,20.375056777626373,100.0,49.48960302457466,0.0,0.0,89.47368421052632,51.82142471084208,200,0.7513416815742398,464.61538461538464,,5,2,16,,DrMundo,ckA1_xR4vI42c6jsIOyxQmQgryvMUF0Oz6ftSPtPxBd6h1Xc-oJY1FLg3Gznir904eyK-KsrD9sbvg
29.174490161001792,5.402504472271914,0.21466905187835422,448.90876565295173,965.3667262969589,39.9139921995539,330.8407871198569,1.8333333333333333,0.4782608695652174,100.0,65.84158415841584,44.44444444444444,15.875024333268446,54.23427991886409,14.41713925645873,3.7527593818984544,50.322580645161295,0.0,31.823586639282237,200,0.14311270125223613,398.4257602862254,,6,2,17,,Malphite,Hh4jcp8pmKe-UPwVUmhvyaLJsXgZJEt_ZQ999lRplEP8F0cXLPXVruARPm82arJr_J2TmF5ThSJ12g
7.68561717352415,3.6493738819320214,0.25044722719141327,468.8014311270125,1216.923076923077,28.073103329279395,300.78711985688733,1.5714285714285714,0.4782608695652174,26.089374887709166,41.584158415841586,33.33333333333333,17.67893063396275,83.94607843137254,3.831127914303735,2.3651844843897822,50.322580645161295,5.263157894736844,37.06626310669117,200,0.17889087656529518,415.778175313059,,7,2,18,,Braum,C-wmPkxrDFHqRraWSfvX5xcy_Ld1_ob0959GCUP0jB0f4Fibuhvvt2fqsSwQXZ291MSNhHlMzYciUA
9.037388193202148,4.543828264758497,0.3220035778175313,682.2540250447228,1299.1771019677997,32.80826163577621,322.2540250447227,1.2222222222222223,0.4782608695652174,30.738769070982574,53.960396039603964,11.111111111111114,37.0352345727078,93.66125760649086,11.392564587271584,0.5150846210448865,50.322580645161295,47.368421052631575,17.673764998378566,200,0.46511627906976744,351.59212880143116,,8,2,19,,Sylas,UPjw6-Q5wW-k1t92aJaessYuU7OQig1rk0v3ALiDpsxHwkwVHCUtrZ-nzcjCQKmM-WHvf9fPx408ZA
5.168157423971377,0.9660107334525939,0.35778175313059035,351.6279069767442,1034.9552772808588,23.102333438583326,293.0948121645796,1.2,0.5217391304347826,17.430613495573585,4.455445544554455,0.0,7.053403413146454,62.45351588911427,1.1216131064902353,0.3973509933774832,75.48387096774192,73.68421052631578,0.0,200,0.6440071556350626,293.0948121645796,,9,2,20,,Senna,fXVHYfb7EQZCcscdVUQ2pimnwZWUCbcdZ_6d2P7ItA-lJZst2lvkQzVCRJLoHCwtiVkel6Dc_sfBqw
11.370801302931598,5.550488599348535,0.3127035830618893,1008.6644951140065,1353.6547231270358,37.473106856749546,402.9185667752443,1.125,0.5294117647058824,49.27790066967668,74.99999999999999,0.0,58.75366047237198,73.74394673123486,51.6080326136192,4.729729729729729,57.14285714285714,3.7735849056603774,22.56125056365549,200,0.3517915309446254,402.8794788273616,,10,3,26,,Sett,ckA1_xR4vI42c6jsIOyxQmQgryvMUF0Oz6ftSPtPxBd6h1Xc-oJY1FLg3Gznir904eyK-KsrD9sbvg
21.185081433224756,5.2377850162866455,0.3127035830618893,563.1791530944625,1624.925081433225,43.84354935462122,334.94462540716614,1.375,0.6470588235294118,100.0,69.73684210526315,0.0,27.562330660390266,100.0,25.35104937339575,8.783783783783782,85.71428571428571,0.0,18.548023448068534,200,0.03908794788273616,392.442996742671,,11,3,27,,XinZhao,fXVHYfb7EQZCcscdVUQ2pimnwZWUCbcdZ_6d2P7ItA-lJZst2lvkQzVCRJLoHCwtiVkel6Dc_sfBqw
7.383713355048861,4.260586319218241,0.23452768729641696,376.8469055374593,1058.3061889250814,28.379637488085294,308.2475570032573,1.6666666666666667,0.5882352941176471,28.67185842853247,53.28947368421052,33.33333333333334,14.5159966063658,45.15738498789345,15.03850218934018,13.513513513513514,71.42857142857143,1.886792452830189,17.135127010371253,200,0.19543973941368079,388.7687296416938,,12,3,28,,Braum,C-wmPkxrDFHqRraWSfvX5xcy_Ld1_ob0959GCUP0jB0f4Fibuhvvt2fqsSwQXZ291MSNhHlMzYciUA
2.205342019543974,7.035830618892509,0.23452768729641696,447.7524429967427,681.5374592833876,17.91255981546293,326.5798045602606,0.8333333333333334,0.29411764705882354,1.9090330596042544,100.0,33.33333333333334,19.480555023399653,8.690223970944306,22.119885248376868,0.0,0.0,5.660377358490566,14.008717871636858,200,0.50814332247557,380.6384364820847,,13,3,29,,Draven,MqfeJwfejg08ue7fj9dekS8_JzrE9rR-TSP10BnZmalMBf6dNjS4R6C3ZPGE5W1otUuQanzwS5FUvw
11.426024653312789,6.055469953775039,0.4622496147919877,973.2203389830509,1044.637904468413,45.617852548090625,399.56856702619416,1.0,0.4,100.0,86.1788617886179,0.0,64.13080895008605,51.058212895431566,29.154078549848943,0.0,44.81132075471699,0.0,69.2292944785276,200,0.18489984591679506,500.8012326656395,,14,4,36,,Rumble,GMjVGiF4ek8-TS1TKX4lpzCWbn4SE5XYxhDitKCBEb34cgrZkI1EO8gD06fuNkGYv8MOp9DJZO581Q
6.224607087827427,4.622496147919877,0.3235747303543914,474.54545454545456,1550.246533127889,46.91198338927338,436.68721109399075,2.2857142857142856,0.64,52.207337688262925,60.97560975609757,49.999999999999986,17.710843373493976,100.0,44.31646525679758,27.06766917293233,100.0,2.564102564102564,33.81901840490797,200,0.23112480739599384,415.4237288135593,,15,4,37,,Hecarim,KueMddOy3K_UqcVdA13Pzrye0ufJ8xdqjzn_hvy7CE5b2en7-Q9sHF23kiktciGXPg5TXMe5gwHgWg
4.085269645608629,6.055469953775039,0.23112480739599384,324.96147919876734,926.9491525423729,35.047957621696966,355.60862865947615,1.8,0.36,32.550267157091774,86.1788617886179,83.33333333333333,3.7865748709122182,39.666204304443156,11.197129909365572,16.842105263157894,35.61320754716981,2.564102564102564,50.47929447852761,200,0.23112480739599384,455.5932203389831,,16,4,38,,Braum,C-wmPkxrDFHqRraWSfvX5xcy_Ld1_ob0959GCUP0jB0f4Fibuhvvt2fqsSwQXZ291MSNhHlMzYciUA
2.855500770416025,4.946070878274268,0.3697996918335901,479.16795069337445,748.1972265023113,23.68906096311325,328.19722650231125,1.375,0.44,21.250668954562062,66.66666666666667,33.33333333333333,18.141135972461274,22.363416707682678,0.0,7.894736842105263,54.009433962264154,10.256410256410255,10.812883435582828,200,0.3697996918335901,359.9537750385208,,17,4,39,,Caitlyn,fXVHYfb7EQZCcscdVUQ2pimnwZWUCbcdZ_6d2P7ItA-lJZst2lvkQzVCRJLoHCwtiVkel6Dc_sfBqw
3.002265023112481,1.4791987673343605,0.41602465331278893,706.73343605547,975.5315870570108,27.690124643178354,360.0924499229584,1.6666666666666667,0.6,22.599196405059423,5.691056910569103,16.666666666666657,39.32444061962134,44.36887556490225,13.028700906344406,14.035087719298248,90.80188679245282,33.33333333333333,0.0,200,0.7858243451463791,333.8828967642527,,18,4,40,,Morgana,ckA1_xR4vI42c6jsIOyxQmQgryvMUF0Oz6ftSPtPxBd6h1Xc-oJY1FLg3Gznir904eyK-KsrD9sbvg
9.085116279069767,5.5813953488372094,0.1781296387926769,369.23305294408715,1125.9277585353786,33.252083691714006,311.0737258782781,1.6666666666666667,0.24390243902439024,30.819753247176006,78.7128712871287,83.33333333333334,9.45897447400296,33.72399710724465,11.075833435095857,0.0,0.0,10.810810810810812,87.25032667537799,100,0.2671944581890154,534.1514101929738,,19,5,41,,Rammus,Hh4jcp8pmKe-UPwVUmhvyaLJsXgZJEt_ZQ999lRplEP8F0cXLPXVruARPm82arJr_J2TmF5ThSJ12g
10.954468085106384,5.4923305294408715,0.20781791192478974,1351.0242454230581,1569.3814943097477,57.980775897507726,467.32310737258786,3.142857142857143,0.5365853658536586,39.018718057228426,77.22772277227723,66.66666666666666,83.63689381364678,65.49538435359679,75.34497496641835,39.54081632653061,70.58823529411765,21.62162162162162,63.412357662871,100,0.3859475507174666,496.23948540326575,,20,5,42,,Kayn,fXVHYfb7EQZCcscdVUQ2pimnwZWUCbcdZ_6d2P7ItA-lJZst2lvkQzVCRJLoHCwtiVkel6Dc_sfBqw
2.0582582879762494,5.7298367144977735,0.2968827313211282,1274.458189015339,1011.9841662543297,41.35659042096957,459.09945571499264,2.1,0.5121951219512195,0.0,81.18811881188118,16.666666666666657,77.85204791171324,25.560471348959883,71.96238857003297,11.607142857142858,64.70588235294117,0.0,100.0,100,0.1484413656605641,554.4285007422069,,21,5,43,,Leblanc,GMjVGiF4ek8-TS1TKX4lpzCWbn4SE5XYxhDitKCBEb34cgrZkI1EO8gD06fuNkGYv8MOp9DJZO581Q
23.837842652152403,6.857991093518061,0.1484413656605641,1567.600197921821,679.6833250865909,81.15093733744071,425.2845126175161,5.4,0.6585365853658537,95.52511474982909,100.0,100.0,100.0,1.7526694176202828,58.05348638417388,100.0,100.0,37.83783783783784,82.7142057121523,100,0.5640771895101435,526.9371598218704,,22,5,44,,Ashe,KueMddOy3K_UqcVdA13Pzrye0ufJ8xdqjzn_hvy7CE5b2en7-Q9sHF23kiktciGXPg5TXMe5gwHgWg
7.853023255813955,0.8609599208312717,0.326571004453241,833.4388916378032,1193.884215734785,29.97770107764317,284.14646214745176,2.090909090909091,0.5609756097560976,25.415801295615093,0.0,0.0,44.531425238885646,38.592759603522346,0.0,11.36363636363636,76.47058823529413,100.0,0.0,100,1.2469074715487383,395.3884215734785,,23,5,45,,Gragas,ckA1_xR4vI42c6jsIOyxQmQgryvMUF0Oz6ftSPtPxBd6h1Xc-oJY1FLg3Gznir904eyK-KsrD9sbvg
2.0218753709198816,7.976261127596439,0.17804154302670624,931.9762611275964,983.7507418397627,41.74128999922859,480.89020771513356,3.0,0.36585365853658536,9.865351591739687,92.12962962962962,55.55555555555556,51.69897504456328,24.636193311603314,75.00000000000001,8.16326530612245,0.0,34.61538461538462,100.0,100,0.3560830860534125,668.1186943620178,,24,6,51,,Ryze,GMjVGiF4ek8-TS1TKX4lpzCWbn4SE5XYxhDitKCBEb34cgrZkI1EO8gD06fuNkGYv8MOp9DJZO581Q
7.912771513353117,3.881305637982196,0.32047477744807124,1062.551928783383,1184.2255192878338,28.969393636626357,363.38278931750745,1.6666666666666667,0.36585365853658536,39.0029501122804,38.88888888888889,11.111111111111114,61.91232174688057,39.08579934809947,39.71343028229256,0.0,0.0,42.307692307692314,25.61647115154418,100,0.427299703264095,446.84866468842733,,25,6,53,,Sylas,UPjw6-Q5wW-k1t92aJaessYuU7OQig1rk0v3ALiDpsxHwkwVHCUtrZ-nzcjCQKmM-WHvf9fPx408ZA
5.148106824925816,8.581602373887241,0.03560830860534125,990.0890207715134,641.946587537092,64.30635262326618,564.1424332344213,18.0,0.43902439024390244,25.328343093655057,100.0,100.0,56.24442959001783,0.0,100.0,100.0,16.56050955414013,53.84615384615385,98.41991860186738,100,0.5341246290801187,663.4183976261128,,26,6,54,,Vayne,MqfeJwfejg08ue7fj9dekS8_JzrE9rR-TSP10BnZmalMBf6dNjS4R6C3ZPGE5W1otUuQanzwS5FUvw
6.648178041543027,1.0326409495548963,0.17804154302670624,339.13353115727006,844.2017804154303,31.211343245718638,308.40356083086056,4.4,0.5365853658536586,32.74800757342257,1.8518518518518534,55.55555555555556,5.328097147950091,14.577932910710164,23.203592814371266,16.73469387755102,38.641188959660305,92.3076923076923,20.828345702657415,100,0.8902077151335311,432.60534124629083,,27,6,55,,Braum,RdAC2eV1HRS-Vd5-yJiNYnn1G9VfZITebUDifqa0RRFi18Ka6pMqMMdC-FHSirQwFZJ-ltw3wRHuqQ
11.599316860465118,7.4563953488372094,0.1744186046511628,545.4505813953489,661.7441860465116,47.88620775784218,427.0203488372093,1.25,0.16129032258064516,97.19654843255204,87.70949720670392,66.66666666666667,34.36343218400367,14.499662693950977,56.21560780390196,2.380952380952381,0.0,10.81081081081081,93.07935451671932,100,0.3488372093023256,596.1191860465116,,28,7,61,,Swain,DYkE05BCPvLHNvzu-abloUmiknnR9LQULpC71MaFwmE2J0uBrbZfvEviaYDAUcaEU-O-NXW56ppFXg
10.323316195372751,7.557840616966581,0.038560411311053984,1015.0642673521851,958.0334190231363,78.72682411263291,447.6092544987147,13.0,0.8125,69.36036054599994,92.74611398963731,100.0,100.0,71.0245003651816,78.90047074646941,100.0,100.0,0.0,76.19328226281675,200,0.2699228791773779,521.3367609254499,,29,8,78,,Swain,DYkE05BCPvLHNvzu-abloUmiknnR9LQULpC71MaFwmE2J0uBrbZfvEviaYDAUcaEU-O-NXW56ppFXg
9.29736,6.377142857142857,0.17142857142857143,287.00571428571425,891.702857142857,26.05033602056067,293.5542857142857,1.0,0.23809523809523808,36.19322023412332,70.56277056277057,62.5,0.0,47.103860442577925,5.064308681672018,0.0,13.278008298755188,0.0,36.961155850307904,100,0.2742857142857143,451.8514285714285,,30,9,81,,Rammus,Hh4jcp8pmKe-UPwVUmhvyaLJsXgZJEt_ZQ999lRplEP8F0cXLPXVruARPm82arJr_J2TmF5ThSJ12g
19.19832,5.1085714285714285,0.2742857142857143,453.9428571428571,794.2285714285714,39.08442720341722,344.4,1.5,0.5714285714285714,100.0,54.545454545454554,25.0,21.09801542594679,37.919560652560165,24.933011789924965,5.555555555555555,68.46473029045643,0.0,29.488394126006632,100,0.2742857142857143,430.21714285714285,,31,9,82,,Malphite,fXVHYfb7EQZCcscdVUQ2pimnwZWUCbcdZ_6d2P7ItA-lJZst2lvkQzVCRJLoHCwtiVkel6Dc_sfBqw
10.436674285714286,5.76,0.2057142857142857,431.1428571428571,1253.1771428571428,41.87489572257722,359.9657142857143,2.1666666666666665,0.6190476190476191,43.535536101745095,62.770562770562776,50.000000000000014,18.216483230782565,81.16297851720239,31.015541264737408,12.962962962962962,76.34854771784234,12.90322580645161,48.57887257224065,100,0.4114285714285714,485.48571428571427,,32,9,83,,Braum,C-wmPkxrDFHqRraWSfvX5xcy_Ld1_ob0959GCUP0jB0f4Fibuhvvt2fqsSwQXZ291MSNhHlMzYciUA
4.303782857142857,6.582857142857143,0.30857142857142855,978.1714285714286,727.7485714285714,40.29174587005973,485.3485714285714,1.7777777777777777,0.7619047619047619,4.012090626670968,73.16017316017316,12.500000000000014,87.35159025912125,31.655629139072843,80.010718113612,8.641975308641975,100.0,16.12903225806451,25.852676456655615,100,0.4457142857142857,419.69142857142856,,33,9,84,,MissFortune,KueMddOy3K_UqcVdA13Pzrye0ufJ8xdqjzn_hvy7CE5b2en7-Q9sHF23kiktciGXPg5TXMe5gwHgWg
9.630685714285713,1.2342857142857142,0.34285714285714286,654.1371428571429,846.8571428571428,28.329287844567297,280.5942857142857,1.3,0.6190476190476191,38.34133924902006,5.627705627705627,0.0,46.39916803882486,42.878371830075906,0.0,3.333333333333334,76.34854771784234,64.51612903225806,0.0,100,0.96,344.8457142857143,,34,9,85,,Chogath,ckA1_xR4vI42c6jsIOyxQmQgryvMUF0Oz6ftSPtPxBd6h1Xc-oJY1FLg3Gznir904eyK-KsrD9sbvg
8.040733740967204,6.203446359088383,0.30016675931072817,1227.8154530294607,2505.591995553085,53.01262244846917,420.8004446914953,1.5555555555555556,0.6363636363636364,24.648677479708276,77.9816513761468,14.285714285714278,81.15915969912193,100.0,35.679542203147356,7.7733860342556,84.09090909090907,100.0,43.36040708484196,100,0.9672040022234575,499.17732073374094,,35,10,91,,DrMundo,B3FeOVXhbzsiACzuf345JOVNd7JZ0hK_1YKzE3ezLAcgQJFQT8apTBV7P760d8xIP_RrFPM3sDtGZQ
15.775464146748192,4.869371873262923,0.33351862145636463,324.58032240133406,1246.892718176765,24.109829046662647,323.54641467481935,0.9,0.4090909090909091,56.694403988426046,59.63302752293578,0.0,0.0,33.236626096801594,7.8683834048641,0.0,6.439393939393942,50.0,22.350523534592416,100,0.5669816564758199,427.57087270705944,,36,10,92,,LeeSin,KueMddOy3K_UqcVdA13Pzrye0ufJ8xdqjzn_hvy7CE5b2en7-Q9sHF23kiktciGXPg5TXMe5gwHgWg
26.227937743190658,7.5041689827682045,0.33351862145636463,831.6286826014452,809.4496942745969,41.3854038930448,350.72818232351307,1.1,0.5,100.0,95.87155963302753,0.0,45.56025053193083,10.033965468440421,15.64139246542681,2.3715415019762855,37.499999999999986,33.333333333333336,48.38046775614052,100,0.43357420789327406,516.2868260144525,,37,10,93,,Ashe,C-wmPkxrDFHqRraWSfvX5xcy_Ld1_ob0959GCUP0jB0f4Fibuhvvt2fqsSwQXZ291MSNhHlMzYciUA
2.091395219566426,6.370205669816564,0.20011117287381877,693.0516953863257,620.2779321845469,36.9212878280995,460.65591995553086,2.5,0.6818181818181818,0.0,80.27522935779817,57.142857142857146,33.10857382600618,0.0,47.07677634716262,18.972332015810277,99.62121212121208,20.833333333333332,33.85849887464527,100,0.33351862145636463,466.79266259032795,,38,10,94,,Caitlyn,_eVUuWwFBVCqzWIEXNmQH0XEmFfxzykM7jwhWQlj5Da4Gd_TQMMzUlfMAcEcLob0iUkbz9YL3irhKA
6.369471928849361,0.9672040022234575,0.20011117287381877,513.0183435241801,893.4296831573096,19.845276705510678,296.03112840466923,1.6666666666666667,0.45454545454545453,17.724480236121902,5.963302752293578,57.142857142857146,16.931882885312717,14.48839513161619,0.0,9.090909090909092,21.969696969696955,50.0,0.0,100,0.5669816564758199,351.3952195664258,,39,10,95,,Gragas,ckA1_xR4vI42c6jsIOyxQmQgryvMUF0Oz6ftSPtPxBd6h1Xc-oJY1FLg3Gznir904eyK-KsrD9sbvg
11.662091584158416,5.606435643564357,0.3341584158415842,654.2450495049505,1165.5816831683169,30.900483851883614,297.2524752475247,0.5555555555555556,0.35714285714285715,43.212202815740994,72.28915662650604,0.0,58.47201210287445,100.0,25.96169067595377,0.0,0.0,7.526881720430108,29.586962629952225,100,0.4084158415841584,414.8019801980198,,40,11,101,,Sylas,UPjw6-Q5wW-k1t92aJaessYuU7OQig1rk0v3ALiDpsxHwkwVHCUtrZ-nzcjCQKmM-WHvf9fPx408ZA
8.66190594059406,5.160891089108911,0.3341584158415842,336.79455445544556,1064.1831683168316,25.70788350326112,351.9430693069307,0.7777777777777778,0.5,27.80134188252616,65.06024096385542,0.0,4.576399394856286,83.48951091227856,49.27972138673421,0.9090909090909091,40.0,0.0,19.794886203989883,100,0.1485148514851485,388.9232673267327,,41,11,102,,Briar,fXVHYfb7EQZCcscdVUQ2pimnwZWUCbcdZ_6d2P7ItA-lJZst2lvkQzVCRJLoHCwtiVkel6Dc_sfBqw
22.717537128712873,6.646039603960396,0.297029702970297,717.9579207920792,683.0940594059406,44.81673164090101,368.76237623762376,0.875,0.5,100.0,89.15662650602411,11.111111111111114,69.2889561270802,21.43763980412309,56.450846921006814,1.3068181818181817,40.0,6.451612903225808,38.25512784490024,100,0.3712871287128713,437.71039603960395,,42,11,103,,Ashe,C-wmPkxrDFHqRraWSfvX5xcy_Ld1_ob0959GCUP0jB0f4Fibuhvvt2fqsSwQXZ291MSNhHlMzYciUA
3.5688861386138613,6.571782178217822,0.2599009900990099,530.5693069306931,746.4727722772277,25.473386683744263,361.85643564356434,1.0,0.5,1.6403541227223664,87.95180722891567,22.222222222222214,37.47478567826526,31.757451181911613,53.50641127117303,1.8181818181818181,40.0,1.0752688172043012,13.922450126439994,100,0.18564356435643564,373.40346534653463,,43,11,104,,Tristana,_eVUuWwFBVCqzWIEXNmQH0XEmFfxzykM7jwhWQlj5Da4Gd_TQMMzUlfMAcEcLob0iUkbz9YL3irhKA
6.175210396039604,1.150990099009901,0.2599009900990099,309.83910891089107,845.8292079207921,21.70134807240928,236.36138613861385,1.4285714285714286,0.7142857142857143,15.028092566245435,0.0,22.222222222222214,0.0,47.93543316607219,0.0,3.571428571428572,100.0,34.40860215053764,0.0,100,1.3366336633663367,336.6089108910891,,44,11,105,,Blitzcrank,MqfeJwfejg08ue7fj9dekS8_JzrE9rR-TSP10BnZmalMBf6dNjS4R6C3ZPGE5W1otUuQanzwS5FUvw
9.087403258655804,5.3767820773930755,0.27494908350305497,907.9124236252545,1161.7820773930753,31.308256910045106,401.88391038696534,1.2222222222222223,0.39285714285714285,16.45209772606078,69.9074074074074,14.285714285714278,60.02451648052302,56.274388991579386,67.04512791031904,0.0,0.0,13.157894736842104,51.9821964599938,100,0.30549898167006106,451.28309572301424,,45,12,111,,Mordekaiser,RdAC2eV1HRS-Vd5-yJiNYnn1G9VfZITebUDifqa0RRFi18Ka6pMqMMdC-FHSirQwFZJ-ltw3wRHuqQ
14.986038696537678,4.3991853360488795,0.18329938900203666,369.3788187372709,1208.6761710794297,32.66568103189368,300.244399185336,2.8333333333333335,0.6071428571428571,30.83231299508748,55.09259259259258,57.14285714285713,0.0,60.778100519320475,19.229663696464485,27.884615384615387,49.99999999999999,0.0,37.801469827140046,100,0.15274949083503053,409.42973523421585,,46,12,112,,Rammus,Hh4jcp8pmKe-UPwVUmhvyaLJsXgZJEt_ZQ999lRplEP8F0cXLPXVruARPm82arJr_J2TmF5ThSJ12g
3.8084419551934823,6.812627291242363,0.30549898167006106,1197.4338085539714,1002.2505091649695,42.97245158949777,451.0997963340122,2.0,0.7142857142857143,3.5825788788493553,91.66666666666666,0.0,92.29433396894579,40.952967755185874,90.19833285426846,13.461538461538462,75.00000000000001,34.210526315789465,32.53286409274404,100,0.5498981670061099,393.8798370672098,,47,12,114,,Caitlyn,KueMddOy3K_UqcVdA13Pzrye0ufJ8xdqjzn_hvy7CE5b2en7-Q9sHF23kiktciGXPg5TXMe5gwHgWg
5.759663951120162,0.855397148676171,0.21384928716904275,459.1649694501018,1233.4521384928717,32.460499037749244,259.3686354378819,3.2857142857142856,0.8214285714285714,8.3394404673596,1.3888888888888875,42.85714285714285,10.007491146826476,63.157585893260574,0.0,35.71428571428571,100.0,71.05263157894737,0.0,100,0.9775967413441955,297.86150712830954,,48,12,115,,Alistar,fXVHYfb7EQZCcscdVUQ2pimnwZWUCbcdZ_6d2P7ItA-lJZst2lvkQzVCRJLoHCwtiVkel6Dc_sfBqw
50.50134311512415,6.3318284424379225,0.1693002257336343,326.3769751693002,1217.2686230248307,50.673387147600224,396.46726862302484,2.6,0.35135135135135137,100.0,70.56277056277057,55.55555555555556,7.5463807785888015,97.85427965102572,51.28639133378471,7.403846153846154,20.810810810810818,0.0,97.95918367346938,100,0.13544018058690743,561.7042889390519,,49,13,122,,Udyr,fXVHYfb7EQZCcscdVUQ2pimnwZWUCbcdZ_6d2P7ItA-lJZst2lvkQzVCRJLoHCwtiVkel6Dc_sfBqw
3.4993679458239275,5.28216704288939,0.20316027088036115,650.2821670428893,841.6252821670429,34.68186376239176,372.4266365688487,2.8333333333333335,0.4594594594594595,3.451573639367066,57.14285714285715,44.44444444444444,43.91347323600973,32.45696769629805,43.27465583389753,8.413461538461538,45.675675675675684,7.299270072992702,87.15837212077813,100,0.47404063205417607,531.0609480812641,,50,13,123,,Galio,UPjw6-Q5wW-k1t92aJaessYuU7OQig1rk0v3ALiDpsxHwkwVHCUtrZ-nzcjCQKmM-WHvf9fPx408ZA
2.1628442437923248,7.957110609480813,0.03386004514672686,1149.8194130925508,690.0,67.67446336378755,542.6410835214447,24.0,0.6486486486486487,0.7061728395061727,91.34199134199135,100.0,100.0,6.059891535015335,100.0,100.0,89.1891891891892,10.21897810218978,98.9616899391335,100,0.6094808126410834,564.5485327313769,,51,13,124,,Corki,KueMddOy3K_UqcVdA13Pzrye0ufJ8xdqjzn_hvy7CE5b2en7-Q9sHF23kiktciGXPg5TXMe5gwHgWg
3.202720090293454,2.0654627539503383,0.23702031602708803,726.0609480812641,742.0090293453724,33.88238325493326,409.334085778781,3.4285714285714284,0.6486486486486487,2.842218744566163,16.017316017316016,33.33333333333333,52.42168491484185,15.114359820796974,55.57436244640036,10.989010989010989,89.1891891891892,13.138686131386859,65.43740303138799,100,0.7449209932279909,469.4356659142212,,52,13,125,,Morgana,RdAC2eV1HRS-Vd5-yJiNYnn1G9VfZITebUDifqa0RRFi18Ka6pMqMMdC-FHSirQwFZJ-ltw3wRHuqQ
6.830460122699386,5.0,0.24539877300613497,616.5030674846626,1682.6993865030674,23.51636355049741,291.2883435582822,1.125,0.375,14.316069244943122,60.810810810810814,14.285714285714263,24.652561709188966,100.0,9.864151596435054,0.0,8.333333333333337,20.3125,19.565452383526104,200,0.5828220858895705,371.0736196319018,,53,14,136,,DrMundo,B3FeOVXhbzsiACzuf345JOVNd7JZ0hK_1YKzE3ezLAcgQJFQT8apTBV7P760d8xIP_RrFPM3sDtGZQ
45.36389570552147,4.631901840490797,0.2760736196319018,286.77914110429447,1303.5276073619632,32.122038204163914,293.282208588957,1.3333333333333333,0.5,95.07890544333763,55.4054054054054,0.0,6.072391619995852,68.6483881603977,10.426581292723016,1.75438596491228,33.333333333333336,7.8125,28.559074694627608,200,0.3374233128834356,396.59509202453984,,54,14,137,,Udyr,Hh4jcp8pmKe-UPwVUmhvyaLJsXgZJEt_ZQ999lRplEP8F0cXLPXVruARPm82arJr_J2TmF5ThSJ12g
18.509386503067482,7.085889570552147,0.18404907975460122,1434.4478527607362,614.20245398773,52.181422673493486,517.9447852760736,3.3333333333333335,0.8333333333333334,38.794115491389384,91.44144144144147,42.85714285714285,70.74431307474245,11.651913663225706,73.79942891753916,18.596491228070178,100.0,12.499999999999998,74.85677224083884,200,0.42944785276073616,527.9754601226994,,55,14,138,,Lux,KueMddOy3K_UqcVdA13Pzrye0ufJ8xdqjzn_hvy7CE5b2en7-Q9sHF23kiktciGXPg5TXMe5gwHgWg
0.0,7.484662576687116,0.12269938650306748,575.4601226993865,754.5398773006135,37.186410920476725,409.07975460122697,3.75,0.625,0.0,97.2972972972973,71.42857142857142,22.339763534536406,23.255637000025366,43.09076750021632,22.105263157894736,58.333333333333336,15.625,49.0217273808237,200,0.49079754601226994,454.66257668711654,,56,14,139,,Lucian,fXVHYfb7EQZCcscdVUQ2pimnwZWUCbcdZ_6d2P7ItA-lJZst2lvkQzVCRJLoHCwtiVkel6Dc_sfBqw
20.14611806797853,6.762075134168158,0.03577817531305903,818.1037567084079,539.2128801431127,74.88640614064234,435.3846153846154,19.0,0.59375,93.96825343200432,87.09677419354838,100.0,74.59243178819223,1.6313446126446998,89.36756849905221,100.0,69.50207468879668,1.5037593984962412,100.0,100,0.5008944543828265,534.2754919499106,,57,15,141,,Malphite,B3FeOVXhbzsiACzuf345JOVNd7JZ0hK_1YKzE3ezLAcgQJFQT8apTBV7P760d8xIP_RrFPM3sDtGZQ
21.423685152057246,5.831842576028623,0.14311270125223613,709.1592128801432,1263.7567084078712,69.17826168288883,441.216457960644,6.5,0.8125,100.0,73.11827956989248,66.66666666666667,61.63112416464479,73.76313446126446,92.17646045149058,32.79569892473118,100.0,2.0050125313283207,88.25498861657962,100,0.5724508050089445,502.8980322003578,,58,15,142,,LeeSin,KueMddOy3K_UqcVdA13Pzrye0ufJ8xdqjzn_hvy7CE5b2en7-Q9sHF23kiktciGXPg5TXMe5gwHgWg
3.4882647584973165,5.652951699463327,0.21466905187835422,862.7191413237925,719.8926654740609,49.273059167516806,457.45974955277285,3.6666666666666665,0.6875,15.3219335778149,70.43010752688171,44.44444444444444,79.90039586259738,19.61887800534284,100.0,17.562724014336915,82.57261410788381,1.2531328320802007,90.42453461899022,100,0.46511627906976744,508.69409660107334,,59,15,143,,Brand,C-wmPkxrDFHqRraWSfvX5xcy_Ld1_ob0959GCUP0jB0f4Fibuhvvt2fqsSwQXZ291MSNhHlMzYciUA
1.5115921288014313,4.937388193202147,0.25044722719141327,890.4114490161002,862.2182468694097,39.389039411283484,376.13595706618963,2.5714285714285716,0.5625,5.989516909599816,59.677419354838705,33.33333333333333,83.19499425360746,33.788067675868206,60.83060485955539,11.674347158218126,65.14522821576763,1.2531328320802007,67.91214677916165,100,0.46511627906976744,448.5509838998211,,60,15,144,,Lucian,UPjw6-Q5wW-k1t92aJaessYuU7OQig1rk0v3ALiDpsxHwkwVHCUtrZ-nzcjCQKmM-WHvf9fPx408ZA
8.923457760314342,4.75442043222004,0.43222003929273084,743.3005893909627,1189.9803536345776,29.132038885384517,314.9312377210216,0.7272727272727273,0.4,45.6481483427673,49.38271604938272,11.111111111111114,31.473435736033668,88.16857619897519,13.242764323685751,1.7199017199017201,18.181818181818183,16.21621621621622,31.98331539289559,100,0.275049115913556,456.4636542239686,,61,16,151,,Sylas,UPjw6-Q5wW-k1t92aJaessYuU7OQig1rk0v3ALiDpsxHwkwVHCUtrZ-nzcjCQKmM-WHvf9fPx408ZA
5.3087622789783895,4.282907662082515,0.35363457760314343,559.056974459725,1270.7269155206286,25.12437423037885,344.24361493123774,0.8888888888888888,0.4,26.31205032757907,41.97530864197531,33.33333333333334,15.432246587526944,100.0,22.055522740696983,3.9039039039039034,18.181818181818183,18.918918918918916,0.0,100,0.3143418467583497,363.06483300589395,,62,16,152,,MonkeyKing,C-wmPkxrDFHqRraWSfvX5xcy_Ld1_ob0959GCUP0jB0f4Fibuhvvt2fqsSwQXZ291MSNhHlMzYciUA
2.543457760314342,4.675834970530452,0.39292730844793716,381.80746561886053,1050.687622789784,16.243698605216704,270.8840864440079,0.6,0.3,11.519601145948718,48.148148148148145,22.222222222222214,0.0,67.7586504692268,0.0,0.0,0.0,24.324324324324326,12.661463939720122,100,0.39292730844793716,400.0392927308448,,63,16,153,,Yone,-TLHRw4hWBqywEmFjT6QtnVltXdCnIr_PpCPymjwuQw0ZMaaeiaaFjPrBwKuzUFVYQNO7BA02M-xwg
11.780903732809431,7.976424361493124,0.275049115913556,726.679764243615,588.2514734774066,39.974400748436786,471.04125736738706,1.1428571428571428,0.4,60.93348999396759,100.0,55.55555555555555,30.026341897300814,0.0,60.17720023626697,7.3359073359073355,18.181818181818183,27.027027027027025,40.60818083961249,100,0.43222003929273084,481.65029469548136,,64,16,154,,Ziggs,MqfeJwfejg08ue7fj9dekS8_JzrE9rR-TSP10BnZmalMBf6dNjS4R6C3ZPGE5W1otUuQanzwS5FUvw
1.2532809430255403,1.807465618860511,0.4715127701375246,735.6777996070728,1006.5618860510806,27.53101161588479,385.42239685658154,1.4166666666666667,0.85,4.618055628537738,3.08641975308642,0.0,30.809756765078177,61.29310841153781,34.43591258121677,11.036036036036037,100.0,48.64864864864865,2.758342303552193,100,0.7465618860510805,371.1198428290766,,65,16,155,,Pantheon,ckA1_xR4vI42c6jsIOyxQmQgryvMUF0Oz6ftSPtPxBd6h1Xc-oJY1FLg3Gznir904eyK-KsrD9sbvg
10.488822857142855,5.348571428571429,0.17142857142857143,946.3199999999999,1234.662857142857,49.834677964833105,429.25714285714287,3.6,0.43902439024390244,49.28983600021966,55.00000000000001,55.55555555555555,100.0,100.0,65.55205047318611,10.040160642570282,21.80451127819548,1.544401544401544,67.01772412021576,100,0.30857142857142855,538.8342857142857,,66,17,161,,Sylas,UPjw6-Q5wW-k1t92aJaessYuU7OQig1rk0v3ALiDpsxHwkwVHCUtrZ-nzcjCQKmM-WHvf9fPx408ZA
15.703405714285715,6.0685714285714285,0.03428571428571429,576.9257142857142,968.9142857142857,70.83527350321407,474.7542857142857,26.0,0.6341463414634146,80.22503951005498,64.54545454545455,100.0,7.638234033433326,56.50636889063465,86.48264984227127,100.0,100.0,0.0,100.0,100,0.17142857142857143,626.88,,67,17,162,,Rammus,Hh4jcp8pmKe-UPwVUmhvyaLJsXgZJEt_ZQ999lRplEP8F0cXLPXVruARPm82arJr_J2TmF5ThSJ12g
4.118537142857143,6.822857142857143,0.2742857142857143,686.2971428571428,1017.8742857142856,35.0450616728279,448.21714285714285,2.25,0.43902439024390244,11.498493838058607,74.54545454545456,22.222222222222214,34.984997856836685,64.5193872397733,74.2744479495268,4.618473895582329,21.80451127819548,4.247104247104247,80.18237862830719,100,0.5485714285714286,573.9771428571428,,68,17,163,,Yasuo,-TLHRw4hWBqywEmFjT6QtnVltXdCnIr_PpCPymjwuQw0ZMaaeiaaFjPrBwKuzUFVYQNO7BA02M-xwg
8.40726857142857,6.514285714285714,0.13714285714285715,827.9657142857143,623.6571428571428,53.40136226543983,504.13714285714286,6.5,0.6341463414634146,36.941138662495646,70.45454545454545,66.66666666666666,70.4072010287184,0.0,100.0,21.68674698795181,100.0,5.405405405405404,73.73490881068582,100,0.6514285714285714,556.7657142857142,,69,17,164,,Ziggs,MqfeJwfejg08ue7fj9dekS8_JzrE9rR-TSP10BnZmalMBf6dNjS4R6C3ZPGE5W1otUuQanzwS5FUvw
4.749325714285714,1.2,0.2742857142857143,546.3771428571429,820.56,9.434712814713194,299.45142857142855,2.0,0.3902439024390244,15.240609624384973,0.0,22.222222222222214,0.0,32.22602547556254,5.835962145110396,3.614457831325301,2.255639097744358,15.444015444015442,0.0,100,1.5428571428571427,359.93142857142857,,70,17,165,,Gragas,ckA1_xR4vI42c6jsIOyxQmQgryvMUF0Oz6ftSPtPxBd6h1Xc-oJY1FLg3Gznir904eyK-KsrD9sbvg
8.833545150501672,4.1806020066889635,0.33444816053511706,1212.408026755853,1333.2441471571908,50.924353373609925,462.1404682274248,3.1,0.6326530612244898,12.512048646469454,47.98206278026906,14.285714285714306,100.0,58.46963409010769,67.35334510496371,36.71232876712329,100.0,26.31578947368421,72.62209231518692,200,0.4682274247491639,556.6220735785953,,71,18,178,,Sylas,UPjw6-Q5wW-k1t92aJaessYuU7OQig1rk0v3ALiDpsxHwkwVHCUtrZ-nzcjCQKmM-WHvf9fPx408ZA
